{
  "xgboost": {
    "accuracy": 0.87285,
    "precision": 0.7110826393337604,
    "recall": 0.574980574980575,
    "f1": 0.6358298725476157,
    "roc_auc": 0.9238549348841189,
    "confusion_matrix": [
      [
        15237,
        902
      ],
      [
        1641,
        2220
      ]
    ]
  },
  "random_forest": {
    "accuracy": 0.87265,
    "precision": 0.7300420168067226,
    "recall": 0.54001554001554,
    "f1": 0.6208128628852166,
    "roc_auc": 0.9236108272603719,
    "confusion_matrix": [
      [
        15368,
        771
      ],
      [
        1776,
        2085
      ]
    ]
  },
  "lightgbm": {
    "accuracy": 0.87075,
    "precision": 0.7054088860270444,
    "recall": 0.5674695674695674,
    "f1": 0.628965121286063,
    "roc_auc": 0.921845359914633,
    "confusion_matrix": [
      [
        15224,
        915
      ],
      [
        1670,
        2191
      ]
    ]
  },
  "ensemble": {
    "accuracy": 0.87165,
    "precision": 0.7158105403602402,
    "recall": 0.5558145558145559,
    "f1": 0.6257471934684358,
    "roc_auc": 0.9239271994709134,
    "confusion_matrix": [
      [
        15287,
        852
      ],
      [
        1715,
        2146
      ]
    ]
  }
}